-- Generated by scripts/qlein-scraper.py — DO NOT EDIT BY HAND.
-- Source: https://admin.passende-fenster.de/api/configurator/1/*



-- ==========================================================
-- 1. brands / shapes / groups
-- ==========================================================
INSERT INTO brands (external_id, name, slug, logo_url) VALUES (1, 'Salamander', 'salamander', 'back_public/images/brand/63761195426a2.png') ON CONFLICT (external_id) DO NOTHING;
INSERT INTO brands (external_id, name, slug, logo_url) VALUES (2, 'Aluplast', 'aluplast', 'back_public/images/brand/637610b249c57.png') ON CONFLICT (external_id) DO NOTHING;
INSERT INTO brands (external_id, name, slug, logo_url) VALUES (3, 'Gealan', 'gealan', 'back_public/images/brand/6376111d4846a.png') ON CONFLICT (external_id) DO NOTHING;
INSERT INTO shapes (code, name) VALUES ('DKL', 'DKL') ON CONFLICT (code) DO NOTHING;
INSERT INTO shapes (code, name) VALUES ('DKR', 'DKR') ON CONFLICT (code) DO NOTHING;
INSERT INTO shapes (code, name) VALUES ('DL', 'DL') ON CONFLICT (code) DO NOTHING;
INSERT INTO shapes (code, name) VALUES ('DR', 'DR') ON CONFLICT (code) DO NOTHING;
INSERT INTO shapes (code, name) VALUES ('Fest', 'Fest') ON CONFLICT (code) DO NOTHING;
INSERT INTO shapes (code, name) VALUES ('Kipp', 'Kipp') ON CONFLICT (code) DO NOTHING;
INSERT INTO groups (external_id, name, category, shape_configuration, sort_order) VALUES (1, 'Einflügelig', 1, '[{"height": 100, "shapes": 1}]'::jsonb, 1) ON CONFLICT (external_id) DO NOTHING;
INSERT INTO groups (external_id, name, category, shape_configuration, sort_order) VALUES (2, 'Zweiflügelig', 2, '[{"height": 100, "shapes": 2}]'::jsonb, 2) ON CONFLICT (external_id) DO NOTHING;
INSERT INTO groups (external_id, name, category, shape_configuration, sort_order) VALUES (3, 'Dreiflügelig', 3, '[{"height": 100, "shapes": 3}]'::jsonb, 3) ON CONFLICT (external_id) DO NOTHING;
INSERT INTO groups (external_id, name, category, shape_configuration, sort_order) VALUES (6, 'Einflügelig mit Oberlicht', 1, '[{"height": 30, "shapes": 1}, {"height": 70, "shapes": 1}]'::jsonb, 6) ON CONFLICT (external_id) DO NOTHING;
INSERT INTO groups (external_id, name, category, shape_configuration, sort_order) VALUES (7, 'Einflügelig mit Unterlicht', 1, '[{"height": 70, "shapes": 1}, {"height": 30, "shapes": 1}]'::jsonb, 7) ON CONFLICT (external_id) DO NOTHING;
INSERT INTO groups (external_id, name, category, shape_configuration, sort_order) VALUES (8, 'Zweiflügelig mit Oberlicht', 2, '[{"height": 30, "shapes": 1}, {"height": 70, "shapes": 2}]'::jsonb, 8) ON CONFLICT (external_id) DO NOTHING;
INSERT INTO groups (external_id, name, category, shape_configuration, sort_order) VALUES (9, 'Zweiflügelig mit Unterlicht', 2, '[{"height": 70, "shapes": 2}, {"height": 30, "shapes": 1}]'::jsonb, 9) ON CONFLICT (external_id) DO NOTHING;
INSERT INTO groups (external_id, name, category, shape_configuration, sort_order) VALUES (10, 'Zweiflügelig, 2fach Oberlicht', 2, '[{"height": 30, "shapes": 2}, {"height": 70, "shapes": 2}]'::jsonb, 10) ON CONFLICT (external_id) DO NOTHING;
INSERT INTO groups (external_id, name, category, shape_configuration, sort_order) VALUES (11, 'Zweiflügelig, 2fach Unterlicht', 2, '[{"height": 70, "shapes": 2}, {"height": 30, "shapes": 2}]'::jsonb, 11) ON CONFLICT (external_id) DO NOTHING;
INSERT INTO groups (external_id, name, category, shape_configuration, sort_order) VALUES (12, 'Dreiflügelig mit Oberlicht', 3, '[{"height": 30, "shapes": 1}, {"height": 70, "shapes": 3}]'::jsonb, 12) ON CONFLICT (external_id) DO NOTHING;
INSERT INTO groups (external_id, name, category, shape_configuration, sort_order) VALUES (13, 'Dreiflügelig mit Unterlicht', 3, '[{"height": 70, "shapes": 3}, {"height": 30, "shapes": 1}]'::jsonb, 13) ON CONFLICT (external_id) DO NOTHING;
INSERT INTO groups (external_id, name, category, shape_configuration, sort_order) VALUES (14, 'Dreiflügelig, 3fach Oberlicht', 3, '[{"height": 30, "shapes": 3}, {"height": 70, "shapes": 3}]'::jsonb, 14) ON CONFLICT (external_id) DO NOTHING;
INSERT INTO groups (external_id, name, category, shape_configuration, sort_order) VALUES (15, 'Dreiflügelig, 3fach Unterlicht', 3, '[{"height": 70, "shapes": 3}, {"height": 30, "shapes": 3}]'::jsonb, 15) ON CONFLICT (external_id) DO NOTHING;
-- ==========================================================
-- 2. properties / property_values (must precede article_variants and addition_variant refs)
-- ==========================================================
INSERT INTO properties (external_id, name, short_name) VALUES (4, 'Außenfarbe', 'color') ON CONFLICT (external_id) DO NOTHING;
INSERT INTO properties (external_id, name, short_name) VALUES (9, 'Innenfarbe', 'color') ON CONFLICT (external_id) DO NOTHING;
INSERT INTO properties (external_id, name, short_name) VALUES (19, 'Randverbund(warme Kante)', 'Warme Kante') ON CONFLICT (external_id) DO NOTHING;
INSERT INTO properties (external_id, name, short_name) VALUES (20, 'Schallschutzverglasung', 'sound_proof') ON CONFLICT (external_id) DO NOTHING;
INSERT INTO properties (external_id, name, short_name) VALUES (21, 'Sicherheitsverglasung', 'Sicherheitsverglasung') ON CONFLICT (external_id) DO NOTHING;
INSERT INTO properties (external_id, name, short_name) VALUES (22, 'Ornament-und Strukturglas', 'Ornament-und Strukturglas') ON CONFLICT (external_id) DO NOTHING;
INSERT INTO properties (external_id, name, short_name) VALUES (24, 'Befestigungslöcher vorgebohrt', 'Befestigungslöcher') ON CONFLICT (external_id) DO NOTHING;
INSERT INTO properties (external_id, name, short_name) VALUES (27, 'Rahmenverbreiterung', 'framewidening') ON CONFLICT (external_id) DO NOTHING;
INSERT INTO properties (external_id, name, short_name) VALUES (28, 'Sicherheitsstufe', 'security_level') ON CONFLICT (external_id) DO NOTHING;
INSERT INTO properties (external_id, name, short_name) VALUES (30, 'Fensterfalzlüfter', 'fensterfalzlüfter') ON CONFLICT (external_id) DO NOTHING;
INSERT INTO property_values (external_id, property_id, name, short_name, value, value_code, image_storage_path, position) VALUES (6, (select id from properties where external_id = 4), 'Außenfarbe', 'color', 'Anthrazitgrau', 'anthraciteGray7016', NULL, 2) ON CONFLICT (external_id) DO NOTHING;
INSERT INTO property_values (external_id, property_id, name, short_name, value, value_code, image_storage_path, position) VALUES (7, (select id from properties where external_id = 4), 'Außenfarbe', 'color', 'Quarzgrau', 'quartzGray7039', NULL, 3) ON CONFLICT (external_id) DO NOTHING;
INSERT INTO property_values (external_id, property_id, name, short_name, value, value_code, image_storage_path, position) VALUES (8, (select id from properties where external_id = 4), 'Außenfarbe', 'color', 'Fenstergrau', 'windowGray7040', NULL, 4) ON CONFLICT (external_id) DO NOTHING;
INSERT INTO property_values (external_id, property_id, name, short_name, value, value_code, image_storage_path, position) VALUES (9, (select id from properties where external_id = 4), 'Außenfarbe', 'color', 'Sepiabraun', 'sepiaBrown8014', NULL, 7) ON CONFLICT (external_id) DO NOTHING;
INSERT INTO property_values (external_id, property_id, name, short_name, value, value_code, image_storage_path, position) VALUES (10, (select id from properties where external_id = 4), 'Außenfarbe', 'color', 'Tiefschwarz', 'jetBlack9005', NULL, 5) ON CONFLICT (external_id) DO NOTHING;
INSERT INTO property_values (external_id, property_id, name, short_name, value, value_code, image_storage_path, position) VALUES (11, (select id from properties where external_id = 4), 'Außenfarbe', 'color', 'Verkehrsweiß', 'white9016', NULL, 1) ON CONFLICT (external_id) DO NOTHING;
INSERT INTO property_values (external_id, property_id, name, short_name, value, value_code, image_storage_path, position) VALUES (12, (select id from properties where external_id = 4), 'Außenfarbe', 'color', 'Golden Oak', 'goldenOak23', NULL, 8) ON CONFLICT (external_id) DO NOTHING;
INSERT INTO property_values (external_id, property_id, name, short_name, value, value_code, image_storage_path, position) VALUES (13, (select id from properties where external_id = 4), 'Außenfarbe', 'color', 'Nussbaum', 'walnut27', NULL, 6) ON CONFLICT (external_id) DO NOTHING;
INSERT INTO property_values (external_id, property_id, name, short_name, value, value_code, image_storage_path, position) VALUES (14, (select id from properties where external_id = 4), 'Außenfarbe', 'color', 'Alux DB 703', 'aluxDB703', NULL, 9) ON CONFLICT (external_id) DO NOTHING;
INSERT INTO property_values (external_id, property_id, name, short_name, value, value_code, image_storage_path, position) VALUES (15, (select id from properties where external_id = 9), 'Innenfarbe', 'color', 'Verkehrsweiß', 'white9016', NULL, 1) ON CONFLICT (external_id) DO NOTHING;
INSERT INTO property_values (external_id, property_id, name, short_name, value, value_code, image_storage_path, position) VALUES (16, (select id from properties where external_id = 9), 'Innenfarbe', 'color', 'Anthrazitgrau', 'anthraciteGray7016', NULL, 2) ON CONFLICT (external_id) DO NOTHING;
INSERT INTO property_values (external_id, property_id, name, short_name, value, value_code, image_storage_path, position) VALUES (17, (select id from properties where external_id = 9), 'Innenfarbe', 'color', 'Quarzgrau', 'quartzGray7039', NULL, 3) ON CONFLICT (external_id) DO NOTHING;
INSERT INTO property_values (external_id, property_id, name, short_name, value, value_code, image_storage_path, position) VALUES (18, (select id from properties where external_id = 9), 'Innenfarbe', 'color', 'Fenstergrau', 'windowGray7040', NULL, 4) ON CONFLICT (external_id) DO NOTHING;
INSERT INTO property_values (external_id, property_id, name, short_name, value, value_code, image_storage_path, position) VALUES (19, (select id from properties where external_id = 9), 'Innenfarbe', 'color', 'Sepiabraun', 'sepiaBrown8014', NULL, 6) ON CONFLICT (external_id) DO NOTHING;
INSERT INTO property_values (external_id, property_id, name, short_name, value, value_code, image_storage_path, position) VALUES (20, (select id from properties where external_id = 9), 'Innenfarbe', 'color', 'Tiefschwarz', 'jetBlack9005', NULL, 5) ON CONFLICT (external_id) DO NOTHING;
INSERT INTO property_values (external_id, property_id, name, short_name, value, value_code, image_storage_path, position) VALUES (21, (select id from properties where external_id = 9), 'Innenfarbe', 'color', 'Golden Oak', 'goldenOak23', NULL, 7) ON CONFLICT (external_id) DO NOTHING;
INSERT INTO property_values (external_id, property_id, name, short_name, value, value_code, image_storage_path, position) VALUES (22, (select id from properties where external_id = 9), 'Innenfarbe', 'color', 'Nussbaum', 'walnut27', NULL, 8) ON CONFLICT (external_id) DO NOTHING;
INSERT INTO property_values (external_id, property_id, name, short_name, value, value_code, image_storage_path, position) VALUES (23, (select id from properties where external_id = 9), 'Innenfarbe', 'color', 'Alux DB 703', 'aluxDB703', NULL, 9) ON CONFLICT (external_id) DO NOTHING;
INSERT INTO property_values (external_id, property_id, name, short_name, value, value_code, image_storage_path, position) VALUES (36, (select id from properties where external_id = 19), 'Randverbund(warme Kante)', 'Warme Kante', 'Kunststoff: Grau', 'wkPvcGray', NULL, 3) ON CONFLICT (external_id) DO NOTHING;
INSERT INTO property_values (external_id, property_id, name, short_name, value, value_code, image_storage_path, position) VALUES (37, (select id from properties where external_id = 19), 'Randverbund(warme Kante)', 'Warme Kante', 'Aluminium: Standard', 'wkAlu', NULL, 2) ON CONFLICT (external_id) DO NOTHING;
INSERT INTO property_values (external_id, property_id, name, short_name, value, value_code, image_storage_path, position) VALUES (38, (select id from properties where external_id = 4), 'Außenfarbe', 'color', 'Mahagoni', 'mahagoniap05', NULL, 10) ON CONFLICT (external_id) DO NOTHING;
INSERT INTO property_values (external_id, property_id, name, short_name, value, value_code, image_storage_path, position) VALUES (39, (select id from properties where external_id = 9), 'Innenfarbe', 'color', 'Mahagoni', 'mahagoniap05', NULL, 10) ON CONFLICT (external_id) DO NOTHING;
INSERT INTO property_values (external_id, property_id, name, short_name, value, value_code, image_storage_path, position) VALUES (40, (select id from properties where external_id = 19), 'Randverbund(warme Kante)', 'Warme Kante', 'Kunstoff: Anthrazit', 'wkPvcAnthrazit', NULL, 4) ON CONFLICT (external_id) DO NOTHING;
INSERT INTO property_values (external_id, property_id, name, short_name, value, value_code, image_storage_path, position) VALUES (41, (select id from properties where external_id = 19), 'Randverbund(warme Kante)', 'Warme Kante', 'Ohne Randverbund', 'wkNone', NULL, 1) ON CONFLICT (external_id) DO NOTHING;
INSERT INTO property_values (external_id, property_id, name, short_name, value, value_code, image_storage_path, position) VALUES (42, (select id from properties where external_id = 20), 'Schallschutzverglasung', 'sound_proof', '35 dB', '35db', 'back_public/images/property_value/63be9fdba440c.png', 2) ON CONFLICT (external_id) DO NOTHING;
INSERT INTO property_values (external_id, property_id, name, short_name, value, value_code, image_storage_path, position) VALUES (43, (select id from properties where external_id = 20), 'Schallschutzverglasung', 'sound_proof', '39 dB', '39db', 'back_public/images/property_value/63be9ff5836a5.png', 4) ON CONFLICT (external_id) DO NOTHING;
INSERT INTO property_values (external_id, property_id, name, short_name, value, value_code, image_storage_path, position) VALUES (46, (select id from properties where external_id = 22), 'Ornament-und Strukturglas', 'Ornament-und Strukturglas', 'Chinchilla', 'chinchilla', 'back_public/images/property_value/63c5a7cd0bd6a.jpg', 3) ON CONFLICT (external_id) DO NOTHING;
INSERT INTO property_values (external_id, property_id, name, short_name, value, value_code, image_storage_path, position) VALUES (47, (select id from properties where external_id = 24), 'Befestigungslöcher vorgebohrt', 'Befestigungslöcher', 'Ja', 'yes', NULL, 2) ON CONFLICT (external_id) DO NOTHING;
INSERT INTO property_values (external_id, property_id, name, short_name, value, value_code, image_storage_path, position) VALUES (48, (select id from properties where external_id = 24), 'Befestigungslöcher vorgebohrt', 'Befestigungslöcher', 'Nein', 'no', NULL, 1) ON CONFLICT (external_id) DO NOTHING;
INSERT INTO property_values (external_id, property_id, name, short_name, value, value_code, image_storage_path, position) VALUES (49, (select id from properties where external_id = 21), 'Sicherheitsverglasung', 'Sicherheitsverglasung', 'P1A', NULL, NULL, 2) ON CONFLICT (external_id) DO NOTHING;
INSERT INTO property_values (external_id, property_id, name, short_name, value, value_code, image_storage_path, position) VALUES (50, (select id from properties where external_id = 21), 'Sicherheitsverglasung', 'Sicherheitsverglasung', 'P2A', NULL, NULL, 3) ON CONFLICT (external_id) DO NOTHING;
INSERT INTO property_values (external_id, property_id, name, short_name, value, value_code, image_storage_path, position) VALUES (51, (select id from properties where external_id = 21), 'Sicherheitsverglasung', 'Sicherheitsverglasung', 'P4A', NULL, NULL, 4) ON CONFLICT (external_id) DO NOTHING;
INSERT INTO property_values (external_id, property_id, name, short_name, value, value_code, image_storage_path, position) VALUES (55, (select id from properties where external_id = 27), 'Rahmenverbreiterung', 'framewidening', '10mm', NULL, NULL, 2) ON CONFLICT (external_id) DO NOTHING;
INSERT INTO property_values (external_id, property_id, name, short_name, value, value_code, image_storage_path, position) VALUES (56, (select id from properties where external_id = 27), 'Rahmenverbreiterung', 'framewidening', '15mm', NULL, NULL, 3) ON CONFLICT (external_id) DO NOTHING;
INSERT INTO property_values (external_id, property_id, name, short_name, value, value_code, image_storage_path, position) VALUES (57, (select id from properties where external_id = 27), 'Rahmenverbreiterung', 'framewidening', '20mm', NULL, NULL, 4) ON CONFLICT (external_id) DO NOTHING;
INSERT INTO property_values (external_id, property_id, name, short_name, value, value_code, image_storage_path, position) VALUES (58, (select id from properties where external_id = 27), 'Rahmenverbreiterung', 'framewidening', '30mm', NULL, NULL, 5) ON CONFLICT (external_id) DO NOTHING;
INSERT INTO property_values (external_id, property_id, name, short_name, value, value_code, image_storage_path, position) VALUES (59, (select id from properties where external_id = 27), 'Rahmenverbreiterung', 'framewidening', '35mm', NULL, NULL, 6) ON CONFLICT (external_id) DO NOTHING;
INSERT INTO property_values (external_id, property_id, name, short_name, value, value_code, image_storage_path, position) VALUES (60, (select id from properties where external_id = 27), 'Rahmenverbreiterung', 'framewidening', '36mm', NULL, NULL, 7) ON CONFLICT (external_id) DO NOTHING;
INSERT INTO property_values (external_id, property_id, name, short_name, value, value_code, image_storage_path, position) VALUES (61, (select id from properties where external_id = 27), 'Rahmenverbreiterung', 'framewidening', '40mm', NULL, NULL, 8) ON CONFLICT (external_id) DO NOTHING;
INSERT INTO property_values (external_id, property_id, name, short_name, value, value_code, image_storage_path, position) VALUES (62, (select id from properties where external_id = 27), 'Rahmenverbreiterung', 'framewidening', '50mm', NULL, NULL, 9) ON CONFLICT (external_id) DO NOTHING;
INSERT INTO property_values (external_id, property_id, name, short_name, value, value_code, image_storage_path, position) VALUES (63, (select id from properties where external_id = 27), 'Rahmenverbreiterung', 'framewidening', '58mm', NULL, NULL, 10) ON CONFLICT (external_id) DO NOTHING;
INSERT INTO property_values (external_id, property_id, name, short_name, value, value_code, image_storage_path, position) VALUES (64, (select id from properties where external_id = 27), 'Rahmenverbreiterung', 'framewidening', '60mm', NULL, NULL, 11) ON CONFLICT (external_id) DO NOTHING;
INSERT INTO property_values (external_id, property_id, name, short_name, value, value_code, image_storage_path, position) VALUES (65, (select id from properties where external_id = 27), 'Rahmenverbreiterung', 'framewidening', '100mm', NULL, NULL, 12) ON CONFLICT (external_id) DO NOTHING;
INSERT INTO property_values (external_id, property_id, name, short_name, value, value_code, image_storage_path, position) VALUES (66, (select id from properties where external_id = 27), 'Rahmenverbreiterung', 'framewidening', '125mm', NULL, NULL, 13) ON CONFLICT (external_id) DO NOTHING;
INSERT INTO property_values (external_id, property_id, name, short_name, value, value_code, image_storage_path, position) VALUES (67, (select id from properties where external_id = 27), 'Rahmenverbreiterung', 'framewidening', '150mm', NULL, NULL, 14) ON CONFLICT (external_id) DO NOTHING;
INSERT INTO property_values (external_id, property_id, name, short_name, value, value_code, image_storage_path, position) VALUES (68, (select id from properties where external_id = 28), 'Sicherheitsstufe', 'security_level', 'RC 1', NULL, NULL, 2) ON CONFLICT (external_id) DO NOTHING;
INSERT INTO property_values (external_id, property_id, name, short_name, value, value_code, image_storage_path, position) VALUES (69, (select id from properties where external_id = 28), 'Sicherheitsstufe', 'security_level', 'RC 2', NULL, NULL, 3) ON CONFLICT (external_id) DO NOTHING;
INSERT INTO property_values (external_id, property_id, name, short_name, value, value_code, image_storage_path, position) VALUES (77, (select id from properties where external_id = 20), 'Schallschutzverglasung', 'sound_proof', '41 dB', '41db', 'back_public/images/property_value/63be9fff894d9.png', 6) ON CONFLICT (external_id) DO NOTHING;
INSERT INTO property_values (external_id, property_id, name, short_name, value, value_code, image_storage_path, position) VALUES (78, (select id from properties where external_id = 20), 'Schallschutzverglasung', 'sound_proof', '40 dB', '40db', 'back_public/images/property_value/63bea009df49f.png', 5) ON CONFLICT (external_id) DO NOTHING;
INSERT INTO property_values (external_id, property_id, name, short_name, value, value_code, image_storage_path, position) VALUES (79, (select id from properties where external_id = 20), 'Schallschutzverglasung', 'sound_proof', '45 dB', '45db', 'back_public/images/property_value/63bea0131c687.png', 8) ON CONFLICT (external_id) DO NOTHING;
INSERT INTO property_values (external_id, property_id, name, short_name, value, value_code, image_storage_path, position) VALUES (80, (select id from properties where external_id = 20), 'Schallschutzverglasung', 'sound_proof', '42 dB', '42db', 'back_public/images/property_value/63bea01ba90f4.png', 7) ON CONFLICT (external_id) DO NOTHING;
INSERT INTO property_values (external_id, property_id, name, short_name, value, value_code, image_storage_path, position) VALUES (81, (select id from properties where external_id = 20), 'Schallschutzverglasung', 'sound_proof', '36 dB', '36db', 'back_public/images/property_value/63bea023b9f76.png', 3) ON CONFLICT (external_id) DO NOTHING;
INSERT INTO property_values (external_id, property_id, name, short_name, value, value_code, image_storage_path, position) VALUES (86, (select id from properties where external_id = 21), 'Sicherheitsverglasung', 'Sicherheitsverglasung', 'Ohne', NULL, NULL, 1) ON CONFLICT (external_id) DO NOTHING;
INSERT INTO property_values (external_id, property_id, name, short_name, value, value_code, image_storage_path, position) VALUES (87, (select id from properties where external_id = 20), 'Schallschutzverglasung', 'sound_proof', 'Ohne', NULL, NULL, 1) ON CONFLICT (external_id) DO NOTHING;
INSERT INTO property_values (external_id, property_id, name, short_name, value, value_code, image_storage_path, position) VALUES (88, (select id from properties where external_id = 30), 'Fensterfalzlüfter', 'fensterfalzlüfter', 'Universal', NULL, NULL, 2) ON CONFLICT (external_id) DO NOTHING;
INSERT INTO property_values (external_id, property_id, name, short_name, value, value_code, image_storage_path, position) VALUES (89, (select id from properties where external_id = 30), 'Fensterfalzlüfter', 'fensterfalzlüfter', 'Ohne', NULL, NULL, 1) ON CONFLICT (external_id) DO NOTHING;
INSERT INTO property_values (external_id, property_id, name, short_name, value, value_code, image_storage_path, position) VALUES (90, (select id from properties where external_id = 22), 'Ornament-und Strukturglas', 'Ornament-und Strukturglas', 'Ohne', NULL, NULL, 1) ON CONFLICT (external_id) DO NOTHING;
INSERT INTO property_values (external_id, property_id, name, short_name, value, value_code, image_storage_path, position) VALUES (91, (select id from properties where external_id = 28), 'Sicherheitsstufe', 'security_level', 'Standard', NULL, NULL, 1) ON CONFLICT (external_id) DO NOTHING;
INSERT INTO property_values (external_id, property_id, name, short_name, value, value_code, image_storage_path, position) VALUES (92, (select id from properties where external_id = 27), 'Rahmenverbreiterung', 'framewidening', 'Ohne', NULL, NULL, 1) ON CONFLICT (external_id) DO NOTHING;
INSERT INTO property_values (external_id, property_id, name, short_name, value, value_code, image_storage_path, position) VALUES (93, (select id from properties where external_id = 22), 'Ornament-und Strukturglas', 'Ornament-und Strukturglas', 'Altdeutsch', 'altdeutsch', 'back_public/images/property_value/63c5a7d82bbed.jpg', 2) ON CONFLICT (external_id) DO NOTHING;
INSERT INTO property_values (external_id, property_id, name, short_name, value, value_code, image_storage_path, position) VALUES (94, (select id from properties where external_id = 22), 'Ornament-und Strukturglas', 'Ornament-und Strukturglas', 'Crepi', 'crepi', 'back_public/images/property_value/63c5a7e185b62.jpg', 4) ON CONFLICT (external_id) DO NOTHING;
INSERT INTO property_values (external_id, property_id, name, short_name, value, value_code, image_storage_path, position) VALUES (95, (select id from properties where external_id = 22), 'Ornament-und Strukturglas', 'Ornament-und Strukturglas', 'Delta Matt', 'delta_matt', 'back_public/images/property_value/63c5a7ecdd350.jpg', 5) ON CONFLICT (external_id) DO NOTHING;
INSERT INTO property_values (external_id, property_id, name, short_name, value, value_code, image_storage_path, position) VALUES (96, (select id from properties where external_id = 22), 'Ornament-und Strukturglas', 'Ornament-und Strukturglas', 'Delta', 'delta', 'back_public/images/property_value/63c5a7f855913.jpg', 6) ON CONFLICT (external_id) DO NOTHING;
INSERT INTO property_values (external_id, property_id, name, short_name, value, value_code, image_storage_path, position) VALUES (97, (select id from properties where external_id = 22), 'Ornament-und Strukturglas', 'Ornament-und Strukturglas', 'Flutes Matt', 'flutes', 'back_public/images/property_value/63c5a8014f61b.jpg', 7) ON CONFLICT (external_id) DO NOTHING;
INSERT INTO property_values (external_id, property_id, name, short_name, value, value_code, image_storage_path, position) VALUES (98, (select id from properties where external_id = 22), 'Ornament-und Strukturglas', 'Ornament-und Strukturglas', 'Kathedral', 'kathedral', 'back_public/images/property_value/63c5a8097e128.jpg', 8) ON CONFLICT (external_id) DO NOTHING;
INSERT INTO property_values (external_id, property_id, name, short_name, value, value_code, image_storage_path, position) VALUES (99, (select id from properties where external_id = 22), 'Ornament-und Strukturglas', 'Ornament-und Strukturglas', 'Master-ligne', 'master_ligne', 'back_public/images/property_value/63c5a8137a4da.jpg', 9) ON CONFLICT (external_id) DO NOTHING;
INSERT INTO property_values (external_id, property_id, name, short_name, value, value_code, image_storage_path, position) VALUES (100, (select id from properties where external_id = 22), 'Ornament-und Strukturglas', 'Ornament-und Strukturglas', 'Master-carre', 'master_carre', 'back_public/images/property_value/63c5a820c8685.jpg', 10) ON CONFLICT (external_id) DO NOTHING;
INSERT INTO property_values (external_id, property_id, name, short_name, value, value_code, image_storage_path, position) VALUES (101, (select id from properties where external_id = 22), 'Ornament-und Strukturglas', 'Ornament-und Strukturglas', 'Kura Weiß', 'kura', 'back_public/images/property_value/63c5a828dcc76.jpg', 11) ON CONFLICT (external_id) DO NOTHING;
INSERT INTO property_values (external_id, property_id, name, short_name, value, value_code, image_storage_path, position) VALUES (102, (select id from properties where external_id = 22), 'Ornament-und Strukturglas', 'Ornament-und Strukturglas', 'Silvit', 'silvit', 'back_public/images/property_value/63c5a831c09e4.jpg', 14) ON CONFLICT (external_id) DO NOTHING;
INSERT INTO property_values (external_id, property_id, name, short_name, value, value_code, image_storage_path, position) VALUES (103, (select id from properties where external_id = 22), 'Ornament-und Strukturglas', 'Ornament-und Strukturglas', 'Master-point', 'master_point', 'back_public/images/property_value/63c5a83af0be7.jpg', 15) ON CONFLICT (external_id) DO NOTHING;
INSERT INTO property_values (external_id, property_id, name, short_name, value, value_code, image_storage_path, position) VALUES (104, (select id from properties where external_id = 22), 'Ornament-und Strukturglas', 'Ornament-und Strukturglas', 'Monumental', 'monumental', 'back_public/images/property_value/63c5a842bb761.jpg', 16) ON CONFLICT (external_id) DO NOTHING;
INSERT INTO property_values (external_id, property_id, name, short_name, value, value_code, image_storage_path, position) VALUES (105, (select id from properties where external_id = 22), 'Ornament-und Strukturglas', 'Ornament-und Strukturglas', 'Stadip 33.1 PVB Matt', 'stadip', 'back_public/images/property_value/63c5a84b35e0b.jpg', 19) ON CONFLICT (external_id) DO NOTHING;
INSERT INTO property_values (external_id, property_id, name, short_name, value, value_code, image_storage_path, position) VALUES (106, (select id from properties where external_id = 22), 'Ornament-und Strukturglas', 'Ornament-und Strukturglas', 'Niagara Matt', 'niagara_matt', 'back_public/images/property_value/63c5a854b3bb7.jpg', 13) ON CONFLICT (external_id) DO NOTHING;
INSERT INTO property_values (external_id, property_id, name, short_name, value, value_code, image_storage_path, position) VALUES (109, (select id from properties where external_id = 22), 'Ornament-und Strukturglas', 'Ornament-und Strukturglas', 'Waterdrop', 'waterdrop', 'back_public/images/property_value/63c5a872d4a20.jpg', 17) ON CONFLICT (external_id) DO NOTHING;
-- ==========================================================
-- 3. articles / article_dimensions / article_group_mappings
-- ==========================================================
INSERT INTO articles (external_id, brand_id, name, slug, uw_value, profile_depth) VALUES (1, (select id from brands where external_id = 1), 'BluEvolution 82', 'bluevolution-82', 0.77, 82) ON CONFLICT (external_id) DO NOTHING;
INSERT INTO article_dimensions (article_id, min_width, max_width, min_height, max_height) VALUES ((select id from articles where external_id = 1), 400, 2800, 400, 3000) ON CONFLICT (article_id) DO NOTHING;
INSERT INTO articles (external_id, brand_id, name, slug, uw_value, profile_depth) VALUES (7, (select id from brands where external_id = 3), 'Gealan S 9000', 'gealan-s-9000', 0.73, 82) ON CONFLICT (external_id) DO NOTHING;
INSERT INTO article_dimensions (article_id, min_width, max_width, min_height, max_height) VALUES ((select id from articles where external_id = 7), 400, 2800, 400, 3000) ON CONFLICT (article_id) DO NOTHING;
INSERT INTO articles (external_id, brand_id, name, slug, uw_value, profile_depth) VALUES (23, (select id from brands where external_id = 1), 'Streamline 76', 'streamline-76', 0.97, 76) ON CONFLICT (external_id) DO NOTHING;
INSERT INTO article_dimensions (article_id, min_width, max_width, min_height, max_height) VALUES ((select id from articles where external_id = 23), 400, 2800, 400, 3000) ON CONFLICT (article_id) DO NOTHING;
INSERT INTO articles (external_id, brand_id, name, slug, uw_value, profile_depth) VALUES (24, (select id from brands where external_id = 2), 'Aluplast 4000', 'aluplast-4000', 0.76, 70) ON CONFLICT (external_id) DO NOTHING;
INSERT INTO article_dimensions (article_id, min_width, max_width, min_height, max_height) VALUES ((select id from articles where external_id = 24), 400, 2800, 400, 3000) ON CONFLICT (article_id) DO NOTHING;
INSERT INTO articles (external_id, brand_id, name, slug, uw_value, profile_depth) VALUES (45, (select id from brands where external_id = 2), 'Aluplast 8000', 'aluplast-8000', 0.67, 85) ON CONFLICT (external_id) DO NOTHING;
INSERT INTO article_dimensions (article_id, min_width, max_width, min_height, max_height) VALUES ((select id from articles where external_id = 45), 400, 2800, 400, 3000) ON CONFLICT (article_id) DO NOTHING;
INSERT INTO articles (external_id, brand_id, name, slug, uw_value, profile_depth) VALUES (56, (select id from brands where external_id = 1), 'BluEvolution 92', 'bluevolution-92', 0.73, 92) ON CONFLICT (external_id) DO NOTHING;
INSERT INTO article_dimensions (article_id, min_width, max_width, min_height, max_height) VALUES ((select id from articles where external_id = 56), 400, 2800, 400, 3000) ON CONFLICT (article_id) DO NOTHING;
INSERT INTO article_group_mappings (article_id, group_id, qlein_article_id) VALUES ((select id from articles where external_id = 1), (select id from groups where external_id = 1), 1) ON CONFLICT (qlein_article_id) DO NOTHING;
INSERT INTO article_group_mappings (article_id, group_id, qlein_article_id) VALUES ((select id from articles where external_id = 1), (select id from groups where external_id = 2), 5) ON CONFLICT (qlein_article_id) DO NOTHING;
INSERT INTO article_group_mappings (article_id, group_id, qlein_article_id) VALUES ((select id from articles where external_id = 7), (select id from groups where external_id = 1), 7) ON CONFLICT (qlein_article_id) DO NOTHING;
INSERT INTO article_group_mappings (article_id, group_id, qlein_article_id) VALUES ((select id from articles where external_id = 1), (select id from groups where external_id = 3), 15) ON CONFLICT (qlein_article_id) DO NOTHING;
INSERT INTO article_group_mappings (article_id, group_id, qlein_article_id) VALUES ((select id from articles where external_id = 7), (select id from groups where external_id = 3), 16) ON CONFLICT (qlein_article_id) DO NOTHING;
INSERT INTO article_group_mappings (article_id, group_id, qlein_article_id) VALUES ((select id from articles where external_id = 23), (select id from groups where external_id = 1), 23) ON CONFLICT (qlein_article_id) DO NOTHING;
INSERT INTO article_group_mappings (article_id, group_id, qlein_article_id) VALUES ((select id from articles where external_id = 24), (select id from groups where external_id = 1), 24) ON CONFLICT (qlein_article_id) DO NOTHING;
INSERT INTO article_group_mappings (article_id, group_id, qlein_article_id) VALUES ((select id from articles where external_id = 23), (select id from groups where external_id = 2), 31) ON CONFLICT (qlein_article_id) DO NOTHING;
INSERT INTO article_group_mappings (article_id, group_id, qlein_article_id) VALUES ((select id from articles where external_id = 24), (select id from groups where external_id = 2), 32) ON CONFLICT (qlein_article_id) DO NOTHING;
INSERT INTO article_group_mappings (article_id, group_id, qlein_article_id) VALUES ((select id from articles where external_id = 23), (select id from groups where external_id = 3), 37) ON CONFLICT (qlein_article_id) DO NOTHING;
INSERT INTO article_group_mappings (article_id, group_id, qlein_article_id) VALUES ((select id from articles where external_id = 24), (select id from groups where external_id = 3), 38) ON CONFLICT (qlein_article_id) DO NOTHING;
INSERT INTO article_group_mappings (article_id, group_id, qlein_article_id) VALUES ((select id from articles where external_id = 45), (select id from groups where external_id = 1), 45) ON CONFLICT (qlein_article_id) DO NOTHING;
INSERT INTO article_group_mappings (article_id, group_id, qlein_article_id) VALUES ((select id from articles where external_id = 45), (select id from groups where external_id = 2), 49) ON CONFLICT (qlein_article_id) DO NOTHING;
INSERT INTO article_group_mappings (article_id, group_id, qlein_article_id) VALUES ((select id from articles where external_id = 45), (select id from groups where external_id = 3), 52) ON CONFLICT (qlein_article_id) DO NOTHING;
INSERT INTO article_group_mappings (article_id, group_id, qlein_article_id) VALUES ((select id from articles where external_id = 56), (select id from groups where external_id = 1), 56) ON CONFLICT (qlein_article_id) DO NOTHING;
INSERT INTO article_group_mappings (article_id, group_id, qlein_article_id) VALUES ((select id from articles where external_id = 56), (select id from groups where external_id = 2), 60) ON CONFLICT (qlein_article_id) DO NOTHING;
INSERT INTO article_group_mappings (article_id, group_id, qlein_article_id) VALUES ((select id from articles where external_id = 56), (select id from groups where external_id = 3), 63) ON CONFLICT (qlein_article_id) DO NOTHING;
INSERT INTO article_group_mappings (article_id, group_id, qlein_article_id) VALUES ((select id from articles where external_id = 7), (select id from groups where external_id = 2), 79) ON CONFLICT (qlein_article_id) DO NOTHING;
-- ==========================================================
-- 4. article_properties
-- ==========================================================
INSERT INTO article_properties (article_id, short_name, name, value, unit, icon, is_main, sort_order, external_id) VALUES ((select id from articles where external_id = 1), 'Uw', 'Bestmöglicher Wärmedurchgangskoeffizient', '0,77', 'W/(qm K)', 'thermometer-full', TRUE, 0, 5) ON CONFLICT (article_id, short_name) DO NOTHING;
INSERT INTO article_properties (article_id, short_name, name, value, unit, icon, is_main, sort_order, external_id) VALUES ((select id from articles where external_id = 1), 'Bautiefe', 'Bautiefe', '82', 'mm', 'icon', FALSE, 1, 17) ON CONFLICT (article_id, short_name) DO NOTHING;
INSERT INTO article_properties (article_id, short_name, name, value, unit, icon, is_main, sort_order, external_id) VALUES ((select id from articles where external_id = 1), 'Kammerzahl', 'Kammerzahl', '6', NULL, 'slat', FALSE, 2, 18) ON CONFLICT (article_id, short_name) DO NOTHING;
INSERT INTO article_properties (article_id, short_name, name, value, unit, icon, is_main, sort_order, external_id) VALUES ((select id from articles where external_id = 1), 'Verglasung', 'Verglasung', '3', '- fach', 'window-frame', FALSE, 3, 41) ON CONFLICT (article_id, short_name) DO NOTHING;
INSERT INTO article_properties (article_id, short_name, name, value, unit, icon, is_main, sort_order, external_id) VALUES ((select id from articles where external_id = 1), 'Dichtung', 'Dichtung', '3', NULL, 'icon', FALSE, 4, 47) ON CONFLICT (article_id, short_name) DO NOTHING;
INSERT INTO article_properties (article_id, short_name, name, value, unit, icon, is_main, sort_order, external_id) VALUES ((select id from articles where external_id = 7), 'Uw', 'Bestmöglicher Wärmedurchgangskoeffizient', '0,73', 'W/(qm K)', 'thermometer-full', TRUE, 0, 48) ON CONFLICT (article_id, short_name) DO NOTHING;
INSERT INTO article_properties (article_id, short_name, name, value, unit, icon, is_main, sort_order, external_id) VALUES ((select id from articles where external_id = 7), 'Bautiefe', 'Bautiefe', '82,5', 'mm', 'icon', FALSE, 1, 27) ON CONFLICT (article_id, short_name) DO NOTHING;
INSERT INTO article_properties (article_id, short_name, name, value, unit, icon, is_main, sort_order, external_id) VALUES ((select id from articles where external_id = 7), 'Kammerzahl', 'Kammerzahl', '6', NULL, 'slat', FALSE, 2, 28) ON CONFLICT (article_id, short_name) DO NOTHING;
INSERT INTO article_properties (article_id, short_name, name, value, unit, icon, is_main, sort_order, external_id) VALUES ((select id from articles where external_id = 7), 'Verglasung', 'Verglasung', '3/4', '- fach', 'window-frame', FALSE, 3, 29) ON CONFLICT (article_id, short_name) DO NOTHING;
INSERT INTO article_properties (article_id, short_name, name, value, unit, icon, is_main, sort_order, external_id) VALUES ((select id from articles where external_id = 7), 'Uf', 'Dämmwert der Rahmen-Flügel-Kombination', '0,89', 'W/(qm K)', 'thermometer-full', FALSE, 4, 30) ON CONFLICT (article_id, short_name) DO NOTHING;
INSERT INTO article_properties (article_id, short_name, name, value, unit, icon, is_main, sort_order, external_id) VALUES ((select id from articles where external_id = 7), 'Dichtung', 'Dichtung', '3', NULL, 'icon', FALSE, 5, 49) ON CONFLICT (article_id, short_name) DO NOTHING;
INSERT INTO article_properties (article_id, short_name, name, value, unit, icon, is_main, sort_order, external_id) VALUES ((select id from articles where external_id = 23), 'Uw', 'Bestmöglicher Wärmedurchgangskoeffizient', '0,97', 'W/(qm K)', 'thermometer-full', TRUE, 0, 45) ON CONFLICT (article_id, short_name) DO NOTHING;
INSERT INTO article_properties (article_id, short_name, name, value, unit, icon, is_main, sort_order, external_id) VALUES ((select id from articles where external_id = 23), 'Bautiefe', 'Bautiefe', '76', 'mm', 'icon', FALSE, 1, 36) ON CONFLICT (article_id, short_name) DO NOTHING;
INSERT INTO article_properties (article_id, short_name, name, value, unit, icon, is_main, sort_order, external_id) VALUES ((select id from articles where external_id = 23), 'Kammerzahl', 'Kammerzahl', '5', NULL, 'slat', FALSE, 2, 37) ON CONFLICT (article_id, short_name) DO NOTHING;
INSERT INTO article_properties (article_id, short_name, name, value, unit, icon, is_main, sort_order, external_id) VALUES ((select id from articles where external_id = 23), 'Verglasung', 'Verglasung', '2', '- fach', 'window-frame', FALSE, 3, 38) ON CONFLICT (article_id, short_name) DO NOTHING;
INSERT INTO article_properties (article_id, short_name, name, value, unit, icon, is_main, sort_order, external_id) VALUES ((select id from articles where external_id = 23), 'Dichtung', 'Dichtung', '2', NULL, 'icon', FALSE, 4, 46) ON CONFLICT (article_id, short_name) DO NOTHING;
INSERT INTO article_properties (article_id, short_name, name, value, unit, icon, is_main, sort_order, external_id) VALUES ((select id from articles where external_id = 24), 'Uw', 'Bestmöglicher Wärmedurchgangskoeffizient', '0,76', 'W/(qm K)', 'thermometer-full', TRUE, 0, 2) ON CONFLICT (article_id, short_name) DO NOTHING;
INSERT INTO article_properties (article_id, short_name, name, value, unit, icon, is_main, sort_order, external_id) VALUES ((select id from articles where external_id = 24), 'Bautiefe', 'Bautiefe', '70', 'mm', 'icon', FALSE, 1, 16) ON CONFLICT (article_id, short_name) DO NOTHING;
INSERT INTO article_properties (article_id, short_name, name, value, unit, icon, is_main, sort_order, external_id) VALUES ((select id from articles where external_id = 24), 'Kammerzahl', 'Kammerzahl', '5', NULL, 'slat', FALSE, 2, 12) ON CONFLICT (article_id, short_name) DO NOTHING;
INSERT INTO article_properties (article_id, short_name, name, value, unit, icon, is_main, sort_order, external_id) VALUES ((select id from articles where external_id = 24), 'Verglasung', 'Verglasung', '2', '- fach', 'window-frame', FALSE, 3, 14) ON CONFLICT (article_id, short_name) DO NOTHING;
INSERT INTO article_properties (article_id, short_name, name, value, unit, icon, is_main, sort_order, external_id) VALUES ((select id from articles where external_id = 45), 'Uw', 'Bestmöglicher Wärmedurchgangskoeffizient', '0,67', 'W/(qm K)', 'thermometer-full', TRUE, 0, 24) ON CONFLICT (article_id, short_name) DO NOTHING;
INSERT INTO article_properties (article_id, short_name, name, value, unit, icon, is_main, sort_order, external_id) VALUES ((select id from articles where external_id = 45), 'Bautiefe', 'Bautiefe', '85', 'mm', 'icon', FALSE, 1, 21) ON CONFLICT (article_id, short_name) DO NOTHING;
INSERT INTO article_properties (article_id, short_name, name, value, unit, icon, is_main, sort_order, external_id) VALUES ((select id from articles where external_id = 45), 'Kammerzahl', 'Kammerzahl', '6', NULL, 'slat', FALSE, 2, 22) ON CONFLICT (article_id, short_name) DO NOTHING;
INSERT INTO article_properties (article_id, short_name, name, value, unit, icon, is_main, sort_order, external_id) VALUES ((select id from articles where external_id = 45), 'Verglasung', 'Verglasung', '3', '- fach', 'window-frame', FALSE, 3, 40) ON CONFLICT (article_id, short_name) DO NOTHING;
INSERT INTO article_properties (article_id, short_name, name, value, unit, icon, is_main, sort_order, external_id) VALUES ((select id from articles where external_id = 45), 'Uf', 'Dämmwert der Rahmen-Flügel-Kombination', '1', 'W/(qm K)', 'thermometer-full', FALSE, 4, 25) ON CONFLICT (article_id, short_name) DO NOTHING;
INSERT INTO article_properties (article_id, short_name, name, value, unit, icon, is_main, sort_order, external_id) VALUES ((select id from articles where external_id = 56), 'Uw', 'Bestmöglicher Wärmedurchgangskoeffizient', '0,73', 'W/(qm K)', 'thermometer-full', TRUE, 0, 34) ON CONFLICT (article_id, short_name) DO NOTHING;
INSERT INTO article_properties (article_id, short_name, name, value, unit, icon, is_main, sort_order, external_id) VALUES ((select id from articles where external_id = 56), 'Bautiefe', 'Bautiefe', '92', 'mm', 'icon', FALSE, 1, 31) ON CONFLICT (article_id, short_name) DO NOTHING;
INSERT INTO article_properties (article_id, short_name, name, value, unit, icon, is_main, sort_order, external_id) VALUES ((select id from articles where external_id = 56), 'Kammerzahl', 'Kammerzahl', '6', NULL, 'slat', FALSE, 2, 32) ON CONFLICT (article_id, short_name) DO NOTHING;
INSERT INTO article_properties (article_id, short_name, name, value, unit, icon, is_main, sort_order, external_id) VALUES ((select id from articles where external_id = 56), 'Dichtung', 'Dichtung', '3', NULL, 'icon', FALSE, 3, 44) ON CONFLICT (article_id, short_name) DO NOTHING;
-- ==========================================================
-- 5. addition_categories
-- ==========================================================
INSERT INTO addition_categories (code, name, sort_order) VALUES ('Mounting_holes', 'Befestigungslöcher vorgebohrt', 0) ON CONFLICT (code) DO NOTHING;
